metric,value
mean,91.283475
median,104.250292
std,49.294859
min,0.000000
max,160.024947
p5,0.198083
p95,150.812063
outage_prob,0.069627
snr_mean,24.737670
